1 - WER	rouge1	rouge2	rougeL	rougeLsum	sacreBLEU / 100
0.026000000000000023	0.009132420091324202	0.0045871559633027525	0.009132420091324202	0.009132420091324202	0.0
0.04800000000000004	0.0	0.0	0.0	0.0	0.1
0.16800000000000004	0.16016427104722794	0.012371134020618558	0.14784394250513347	0.14784394250513347	0.05
0.124	0.11406844106463877	0.022900763358778626	0.09885931558935361	0.09885931558935361	0.03
0.04600000000000004	0.0	0.0	0.0	0.0	0.1
0.020000000000000018	0.014285714285714287	0.0	0.014285714285714287	0.014285714285714287	0.0
0.050000000000000044	0.0	0.0	0.0	0.0	0.0
0.126	0.030303030303030304	0.004347826086956521	0.025974025974025972	0.025974025974025972	0.01
0.08599999999999997	0.0	0.0	0.0	0.0	0.0
0.08199999999999996	0.06293706293706294	0.0035087719298245615	0.05594405594405593	0.05594405594405593	0.0
0.014000000000000012	0.0	0.0	0.0	0.0	0.03
0.052000000000000046	0.11416490486257927	0.0	0.080338266384778	0.080338266384778	0.0
0.050000000000000044	0.0	0.0	0.0	0.0	0.0
0.040000000000000036	0.034934497816593885	0.0	0.034934497816593885	0.034934497816593885	0.0
0.02400000000000002	0.0	0.0	0.0	0.0	0.05
0.026000000000000023	0.0	0.0	0.0	0.0	0.0
0.008000000000000007	0.0	0.0	0.0	0.0	0.0
0.038000000000000034	0.0	0.0	0.0	0.0	0.0
0.04600000000000004	0.0	0.0	0.0	0.0	0.11
0.06399999999999995	0.0	0.0	0.0	0.0	0.15
0.050000000000000044	0.0	0.0	0.0	0.0	0.0
0.07999999999999996	0.0	0.0	0.0	0.0	0.16
0.05800000000000005	0.030947775628626693	0.0038834951456310682	0.030947775628626693	0.030947775628626693	0.0
0.03200000000000003	0.0	0.0	0.0	0.0	0.08
0.05400000000000005	0.07582938388625592	0.004761904761904762	0.07582938388625592	0.07582938388625592	0.0
0.03400000000000003	0.0	0.0	0.0	0.0	0.07
0.05600000000000005	0.0	0.0	0.0	0.0	0.0
0.052000000000000046	0.0	0.0	0.0	0.0	0.0
0.016000000000000014	0.0	0.0	0.0	0.0	0.03
0.06599999999999995	0.0	0.0	0.0	0.0	0.15
0.04200000000000004	0.0	0.0	0.0	0.0	0.09
0.010000000000000009	0.0	0.0	0.0	0.0	0.0
0.03200000000000003	0.0	0.0	0.0	0.0	0.07
0.04800000000000004	0.0	0.0	0.0	0.0	0.0
0.03600000000000003	0.0	0.0	0.0	0.0	0.0
0.08599999999999997	0.07710843373493977	0.014527845036319612	0.06746987951807229	0.06746987951807229	0.0
0.038000000000000034	0.0	0.0	0.0	0.0	0.0
0.014000000000000012	0.0	0.0	0.0	0.0	0.03
0.008000000000000007	0.0	0.0	0.0	0.0	0.02
0.016000000000000014	0.0	0.0	0.0	0.0	0.0
0.026000000000000023	0.03773584905660377	0.0	0.03773584905660377	0.03773584905660377	0.0
0.06999999999999995	0.0507399577167019	0.0	0.02959830866807611	0.02959830866807611	0.0
0.06599999999999995	0.0	0.0	0.0	0.0	0.14
0.05400000000000005	0.0	0.0	0.0	0.0	0.11
0.06399999999999995	0.0	0.0	0.0	0.0	0.0
0.02200000000000002	0.00449438202247191	0.0	0.00449438202247191	0.00449438202247191	0.0
0.14800000000000002	0.1341222879684418	0.039603960396039604	0.10650887573964496	0.10650887573964496	0.03
0.09999999999999998	0.04918032786885246	0.004115226337448559	0.045081967213114756	0.045081967213114756	0.01
0.09199999999999997	0.0	0.0	0.0	0.0	0.18
0.016000000000000014	0.0	0.0	0.0	0.0	0.05
0.062000000000000055	0.06837606837606837	0.030042918454935622	0.0641025641025641	0.0641025641025641	0.0
0.02400000000000002	0.0	0.0	0.0	0.0	0.0
0.05800000000000005	0.0	0.0	0.0	0.0	0.12
0.06399999999999995	0.0	0.0	0.0	0.0	0.0
0.06399999999999995	0.0	0.0	0.0	0.0	0.13
0.016000000000000014	0.0	0.0	0.0	0.0	0.0
0.030000000000000027	0.017467248908296942	0.0	0.017467248908296942	0.017467248908296942	0.0
0.050000000000000044	0.047619047619047616	0.0	0.03809523809523809	0.03809523809523809	0.0
0.03600000000000003	0.0	0.0	0.0	0.0	0.0
0.04800000000000004	0.0	0.0	0.0	0.0	0.0
0.11599999999999999	0.06814310051107325	0.027350427350427354	0.05451448040885861	0.05451448040885861	0.0
0.018000000000000016	0.0	0.0	0.0	0.0	0.04
0.026000000000000023	0.0	0.0	0.0	0.0	0.0
0.07799999999999996	0.12008281573498963	0.016632016632016633	0.10766045548654243	0.10766045548654243	0.0
0.038000000000000034	0.0	0.0	0.0	0.0	0.0
0.01200000000000001	0.017021276595744678	0.004273504273504273	0.017021276595744678	0.017021276595744678	0.0
0.03200000000000003	0.0	0.0	0.0	0.0	0.0
0.02400000000000002	0.0044444444444444444	0.0	0.0044444444444444444	0.0044444444444444444	0.0
0.028000000000000025	0.004415011037527595	0.0	0.004415011037527595	0.004415011037527595	0.0
0.05600000000000005	0.0	0.0	0.0	0.0	0.0
0.0040000000000000036	0.0	0.0	0.0	0.0	0.0
0.06000000000000005	0.0	0.0	0.0	0.0	0.0
0.05400000000000005	0.0	0.0	0.0	0.0	0.0
0.04600000000000004	0.0	0.0	0.0	0.0	0.1
0.010000000000000009	0.009237875288683603	0.0	0.009237875288683603	0.009237875288683603	0.0
0.06799999999999995	0.0	0.0	0.0	0.0	0.15
0.02400000000000002	0.0	0.0	0.0	0.0	0.0
0.05600000000000005	0.0	0.0	0.0	0.0	0.0
0.11399999999999999	0.09120521172638436	0.0326797385620915	0.08794788273615635	0.08794788273615635	0.01
0.04200000000000004	0.0	0.0	0.0	0.0	0.09
0.02619047619047621	0.0	0.0	0.0	0.0	0.05
0.04200000000000004	0.0	0.0	0.0	0.0	0.08
0.020000000000000018	0.0	0.0	0.0	0.0	0.0
0.04400000000000004	0.0	0.0	0.0	0.0	0.11
0.12	0.22857142857142856	0.030592734225621417	0.14857142857142855	0.14857142857142855	0.01
0.08399999999999996	0.09746588693957116	0.03131115459882583	0.08966861598440547	0.08966861598440547	0.0
0.04400000000000004	0.0	0.0	0.0	0.0	0.0
0.06999999999999995	0.0	0.0	0.0	0.0	0.0
0.06000000000000005	0.0	0.0	0.0	0.0	0.13
0.02200000000000002	0.0	0.0	0.0	0.0	0.05
0.052000000000000046	0.0	0.0	0.0	0.0	0.11
0.014000000000000012	0.0	0.0	0.0	0.0	0.0
0.06399999999999995	0.0	0.0	0.0	0.0	0.13
0.10399999999999998	0.05882352941176471	0.008438818565400845	0.05882352941176471	0.05882352941176471	0.01
0.0	0.0	0.0	0.0	0.0	0.0
0.03600000000000003	0.0	0.0	0.0	0.0	0.08
0.07799999999999996	0.0	0.0	0.0	0.0	0.17
0.04400000000000004	0.0	0.0	0.0	0.0	0.09
0.04200000000000004	0.0	0.0	0.0	0.0	0.09
0.06399999999999995	0.0	0.0	0.0	0.0	0.13
0.0040000000000000036	0.0	0.0	0.0	0.0	0.0
0.02400000000000002	0.0	0.0	0.0	0.0	0.0
0.040000000000000036	0.013157894736842105	0.0	0.008771929824561403	0.008771929824561403	0.0
0.052000000000000046	0.03266787658802178	0.007285974499089254	0.029038112522686028	0.029038112522686028	0.0
0.03200000000000003	0.012658227848101266	0.00423728813559322	0.012658227848101266	0.012658227848101266	0.0
0.04600000000000004	0.10660980810234541	0.01284796573875803	0.07675906183368869	0.07675906183368869	0.0
0.07799999999999996	0.0	0.0	0.0	0.0	0.16
0.0	0.0	0.0	0.0	0.0	0.0
0.0	0.0	0.0	0.0	0.0	0.0
0.06999999999999995	0.0	0.0	0.0	0.0	0.0
0.07199999999999995	0.0	0.0	0.0	0.0	0.0
0.09999999999999998	0.007858546168958742	0.0	0.007858546168958742	0.007858546168958742	0.0
0.04400000000000004	0.0	0.0	0.0	0.0	0.0
0.02200000000000002	0.0	0.0	0.0	0.0	0.0
0.02200000000000002	0.0	0.0	0.0	0.0	0.05
0.07799999999999996	0.0	0.0	0.0	0.0	0.18
0.05400000000000005	0.0	0.0	0.0	0.0	0.0
0.030000000000000027	0.0	0.0	0.0	0.0	0.0
0.030000000000000027	0.0	0.0	0.0	0.0	0.0
0.10799999999999998	0.059071729957805914	0.0211864406779661	0.05485232067510549	0.05485232067510549	0.0
0.04200000000000004	0.0	0.0	0.0	0.0	0.0
0.052000000000000046	0.0	0.0	0.0	0.0	0.11
0.07999999999999996	0.0	0.0	0.0	0.0	0.15
0.020000000000000018	0.0	0.0	0.0	0.0	0.04
0.09399999999999997	0.0	0.0	0.0	0.0	0.19
0.006000000000000005	0.0	0.0	0.0	0.0	0.0
0.07599999999999996	0.042959427207637235	0.0	0.042959427207637235	0.042959427207637235	0.0
0.06000000000000005	0.0	0.0	0.0	0.0	0.12
0.028000000000000025	0.0	0.0	0.0	0.0	0.0
0.06799999999999995	0.071301247771836	0.03577817531305903	0.071301247771836	0.071301247771836	0.0
0.02400000000000002	0.004338394793926247	0.0	0.004338394793926247	0.004338394793926247	0.0
0.08599999999999997	0.0	0.0	0.0	0.0	0.19
0.04800000000000004	0.05829596412556055	0.0	0.04035874439461884	0.04035874439461884	0.0
0.04800000000000004	0.0	0.0	0.0	0.0	0.11
0.03400000000000003	0.03463203463203463	0.0	0.030303030303030304	0.030303030303030304	0.0
0.0	0.0	0.0	0.0	0.0	0.0
0.038000000000000034	0.0	0.0	0.0	0.0	0.08
0.05400000000000005	0.0	0.0	0.0	0.0	0.11
0.014000000000000012	0.0	0.0	0.0	0.0	0.0
0.052000000000000046	0.0	0.0	0.0	0.0	0.0
0.062000000000000055	0.0	0.0	0.0	0.0	0.0
0.06399999999999995	0.0	0.0	0.0	0.0	0.14
0.026000000000000023	0.0	0.0	0.0	0.0	0.0
0.08599999999999997	0.0	0.0	0.0	0.0	0.18
0.07799999999999996	0.0	0.0	0.0	0.0	0.16
0.040000000000000036	0.017204301075268814	0.004319654427645789	0.017204301075268814	0.017204301075268814	0.0
0.16400000000000003	0.14977973568281938	0.057522123893805316	0.11894273127753302	0.11894273127753302	0.02
0.06599999999999995	0.0	0.0	0.0	0.0	0.13
0.028000000000000025	0.0	0.0	0.0	0.0	0.0
0.124	0.05104408352668213	0.009324009324009324	0.04176334106728539	0.04176334106728539	0.02
0.03200000000000003	0.0	0.0	0.0	0.0	0.07
0.062000000000000055	0.0	0.0	0.0	0.0	0.0
0.02200000000000002	0.004201680672268907	0.0	0.004201680672268907	0.004201680672268907	0.0
0.16800000000000004	0.11538461538461539	0.008583690987124465	0.09829059829059829	0.09829059829059829	0.02
0.02200000000000002	0.004366812227074236	0.0	0.004366812227074236	0.004366812227074236	0.0
0.020000000000000018	0.034408602150537634	0.008639308855291577	0.034408602150537634	0.034408602150537634	0.0
0.11599999999999999	0.19849624060150373	0.015082956259426848	0.16541353383458648	0.16541353383458648	0.01
0.026000000000000023	0.0	0.0	0.0	0.0	0.06
0.062000000000000055	0.0	0.0	0.0	0.0	0.12
0.07999999999999996	0.008247422680412371	0.0	0.008247422680412371	0.008247422680412371	0.0
0.06799999999999995	0.0	0.0	0.0	0.0	0.14
0.09199999999999997	0.03018867924528302	0.0	0.03018867924528302	0.03018867924528302	0.0
0.052000000000000046	0.0	0.0	0.0	0.0	0.0
0.06999999999999995	0.0034662045060658577	0.0	0.0034662045060658577	0.0034662045060658577	0.0
0.028000000000000025	0.0	0.0	0.0	0.0	0.06
0.03200000000000003	0.0	0.0	0.0	0.0	0.0
0.052000000000000046	0.0	0.0	0.0	0.0	0.0
0.124	0.2341772151898734	0.015873015873015872	0.13291139240506328	0.13291139240506328	0.01
0.06999999999999995	0.0	0.0	0.0	0.0	0.14
0.04800000000000004	0.0	0.0	0.0	0.0	0.0
0.05600000000000005	0.007017543859649123	0.0	0.007017543859649123	0.007017543859649123	0.0
0.040000000000000036	0.0	0.0	0.0	0.0	0.0
0.040000000000000036	0.0	0.0	0.0	0.0	0.09
0.026000000000000023	0.009876543209876543	0.004962779156327543	0.009876543209876543	0.009876543209876543	0.01
0.018000000000000016	0.0	0.0	0.0	0.0	0.04
0.05600000000000005	0.02696629213483146	0.013544018058690745	0.02247191011235955	0.02247191011235955	0.01
0.05400000000000005	0.0	0.0	0.0	0.0	0.12
0.040000000000000036	0.004347826086956522	0.0	0.004347826086956522	0.004347826086956522	0.0
0.04600000000000004	0.0	0.0	0.0	0.0	0.1
0.02200000000000002	0.0	0.0	0.0	0.0	0.05
0.124	0.10526315789473684	0.026431718061674006	0.08771929824561404	0.08771929824561404	0.02
0.04400000000000004	0.0	0.0	0.0	0.0	0.0
0.052000000000000046	0.0	0.0	0.0	0.0	0.11
0.062000000000000055	0.0	0.0	0.0	0.0	0.14
0.02200000000000002	0.0	0.0	0.0	0.0	0.04
0.06599999999999995	0.04718693284936479	0.0	0.04718693284936479	0.04718693284936479	0.0
0.028000000000000025	0.0	0.0	0.0	0.0	0.0
0.07399999999999995	0.17834394904458598	0.0255863539445629	0.12314225053078558	0.12314225053078558	0.0
0.062000000000000055	0.0	0.0	0.0	0.0	0.0
0.040000000000000036	0.0	0.0	0.0	0.0	0.0
0.03400000000000003	0.0	0.0	0.0	0.0	0.0
0.03400000000000003	0.0	0.0	0.0	0.0	0.0
0.0	0.0	0.0	0.0	0.0	0.0
0.05600000000000005	0.059770114942528735	0.0	0.05057471264367816	0.05057471264367816	0.0
0.04200000000000004	0.0	0.0	0.0	0.0	0.0
0.10199999999999998	0.004672897196261682	0.0	0.004672897196261682	0.004672897196261682	0.0
0.0	0.0	0.0	0.0	0.0	0.0
0.050000000000000044	0.0	0.0	0.0	0.0	0.0
0.03200000000000003	0.0	0.0	0.0	0.0	0.0
0.05800000000000005	0.0319634703196347	0.0	0.0319634703196347	0.0319634703196347	0.0
0.06599999999999995	0.100418410041841	0.012605042016806723	0.08368200836820085	0.08368200836820085	0.0
0.052000000000000046	0.0	0.0	0.0	0.0	0.11
0.04400000000000004	0.0	0.0	0.0	0.0	0.09
0.07399999999999995	0.03676470588235294	0.0	0.03308823529411765	0.03308823529411765	0.0
0.03200000000000003	0.0	0.0	0.0	0.0	0.0
0.08799999999999997	0.12350597609561752	0.044	0.09960159362549802	0.09960159362549802	0.0
0.038000000000000034	0.0	0.0	0.0	0.0	0.09
0.040000000000000036	0.0	0.0	0.0	0.0	0.09
0.04600000000000004	0.008948545861297539	0.0	0.008948545861297539	0.008948545861297539	0.0
0.01200000000000001	0.0	0.0	0.0	0.0	0.02
0.02200000000000002	0.035555555555555556	0.01339285714285714	0.035555555555555556	0.035555555555555556	0.0
0.07199999999999995	0.0	0.0	0.0	0.0	0.15
0.06399999999999995	0.03956043956043956	0.008830022075055188	0.03956043956043956	0.03956043956043956	0.0
0.14	0.1737649063032368	0.030769230769230767	0.15332197614991483	0.15332197614991483	0.01
0.010000000000000009	0.0	0.0	0.0	0.0	0.0
0.03200000000000003	0.0	0.0	0.0	0.0	0.0
0.06000000000000005	0.0	0.0	0.0	0.0	0.0
0.038000000000000034	0.0	0.0	0.0	0.0	0.08
0.06000000000000005	0.0	0.0	0.0	0.0	0.12
0.018000000000000016	0.0	0.0	0.0	0.0	0.04
0.018000000000000016	0.0	0.0	0.0	0.0	0.0
0.06000000000000005	0.0	0.0	0.0	0.0	0.13
0.02400000000000002	0.0	0.0	0.0	0.0	0.05
0.028000000000000025	0.0	0.0	0.0	0.0	0.0
0.05400000000000005	0.03153153153153153	0.00904977375565611	0.02702702702702703	0.02702702702702703	0.0
0.05600000000000005	0.0	0.0	0.0	0.0	0.12
0.06000000000000005	0.0	0.0	0.0	0.0	0.0
0.04600000000000004	0.0	0.0	0.0	0.0	0.0
0.028000000000000025	0.0	0.0	0.0	0.0	0.0
0.010000000000000009	0.0	0.0	0.0	0.0	0.02
0.07999999999999996	0.019193857965451054	0.0	0.019193857965451054	0.019193857965451054	0.0
0.05800000000000005	0.0	0.0	0.0	0.0	0.12
0.06599999999999995	0.0	0.0	0.0	0.0	0.0
0.10999999999999999	0.05714285714285714	0.009569377990430622	0.05238095238095238	0.05238095238095238	0.0
0.040000000000000036	0.0	0.0	0.0	0.0	0.09
0.02400000000000002	0.0	0.0	0.0	0.0	0.05
0.03200000000000003	0.04366812227074236	0.0	0.034934497816593885	0.034934497816593885	0.0
0.030000000000000027	0.0	0.0	0.0	0.0	0.07
0.062000000000000055	0.0	0.0	0.0	0.0	0.13
0.040000000000000036	0.0	0.0	0.0	0.0	0.0
0.04400000000000004	0.008714596949891067	0.0	0.008714596949891067	0.008714596949891067	0.0
0.006000000000000005	0.0	0.0	0.0	0.0	0.0
0.020000000000000018	0.0	0.0	0.0	0.0	0.0
0.04600000000000004	0.0	0.0	0.0	0.0	0.1
0.132	0.08997955010224949	0.03696098562628337	0.081799591002045	0.081799591002045	0.05
0.03200000000000003	0.0	0.0	0.0	0.0	0.07
0.06000000000000005	0.0	0.0	0.0	0.0	0.14
0.05400000000000005	0.0	0.0	0.0	0.0	0.0
0.038000000000000034	0.0	0.0	0.0	0.0	0.08
0.05400000000000005	0.0	0.0	0.0	0.0	0.0
0.06399999999999995	0.0	0.0	0.0	0.0	0.12
0.050000000000000044	0.0	0.0	0.0	0.0	0.0
0.052000000000000046	0.0	0.0	0.0	0.0	0.11
0.07199999999999995	0.009685230024213076	0.0	0.009685230024213076	0.009685230024213076	0.0
0.01200000000000001	0.0	0.0	0.0	0.0	0.0
0.03200000000000003	0.0	0.0	0.0	0.0	0.08
0.05800000000000005	0.09109730848861285	0.008316008316008316	0.07867494824016565	0.07867494824016565	0.01
0.10399999999999998	0.1172741679873217	0.01589825119236884	0.10776545166402536	0.10776545166402536	0.01
0.07599999999999996	0.016806722689075633	0.0	0.008403361344537816	0.008403361344537816	0.0
0.050000000000000044	0.0	0.0	0.0	0.0	0.1
0.028000000000000025	0.0	0.0	0.0	0.0	0.0
0.08999999999999997	0.0	0.0	0.0	0.0	0.17
0.04800000000000004	0.0	0.0	0.0	0.0	0.1
0.08799999999999997	0.04536082474226805	0.0	0.04123711340206186	0.04123711340206186	0.0
0.030000000000000027	0.0	0.0	0.0	0.0	0.06
0.016000000000000014	0.004395604395604395	0.0	0.004395604395604395	0.004395604395604395	0.0
0.15800000000000003	0.0	0.0	0.0	0.0	0.03
0.014000000000000012	0.0	0.0	0.0	0.0	0.03
0.08199999999999996	0.029197080291970805	0.003663003663003663	0.029197080291970805	0.029197080291970805	0.0
0.062000000000000055	0.0036166365280289334	0.0	0.0036166365280289334	0.0036166365280289334	0.0
0.038000000000000034	0.03734439834024896	0.0125	0.029045643153526975	0.029045643153526975	0.0
0.03600000000000003	0.0	0.0	0.0	0.0	0.0
0.020000000000000018	0.0	0.0	0.0	0.0	0.0
0.11599999999999999	0.11074918566775245	0.006535947712418301	0.08143322475570032	0.08143322475570032	0.01
0.02200000000000002	0.0	0.0	0.0	0.0	0.06
0.020000000000000018	0.0	0.0	0.0	0.0	0.05
0.06599999999999995	0.04727272727272727	0.0036496350364963502	0.02909090909090909	0.02909090909090909	0.0
0.03600000000000003	0.015151515151515152	0.0	0.015151515151515152	0.015151515151515152	0.0
0.06599999999999995	0.04727272727272727	0.0	0.04727272727272727	0.04727272727272727	0.0
0.016000000000000014	0.0044742729306487695	0.0	0.0044742729306487695	0.0044742729306487695	0.0
0.08399999999999996	0.06611570247933884	0.029850746268656716	0.05950413223140496	0.05950413223140496	0.0
0.04200000000000004	0.0	0.0	0.0	0.0	0.0
0.03600000000000003	0.0	0.0	0.0	0.0	0.0
0.09399999999999997	0.06844106463878326	0.0038167938931297704	0.06844106463878326	0.06844106463878326	0.01
0.030000000000000027	0.0	0.0	0.0	0.0	0.0
0.0	0.0	0.0	0.0	0.0	0.0
0.06399999999999995	0.03389830508474576	0.003780718336483932	0.03389830508474576	0.03389830508474576	0.0
0.014000000000000012	0.0	0.0	0.0	0.0	0.0
0.04800000000000004	0.0	0.0	0.0	0.0	0.0
0.09199999999999997	0.0923076923076923	0.02649006622516556	0.07912087912087912	0.07912087912087912	0.0
0.07799999999999996	0.0	0.0	0.0	0.0	0.17
0.040000000000000036	0.0	0.0	0.0	0.0	0.0
0.07399999999999995	0.058715596330275226	0.007366482504604051	0.03669724770642201	0.03669724770642201	0.0
0.0	0.0	0.0	0.0	0.0	0.0
0.06999999999999995	0.0	0.0	0.0	0.0	0.0
0.040000000000000036	0.0	0.0	0.0	0.0	0.08
0.07599999999999996	0.0	0.0	0.0	0.0	0.16
0.07599999999999996	0.0	0.0	0.0	0.0	0.14
0.06599999999999995	0.0	0.0	0.0	0.0	0.15
0.04400000000000004	0.0	0.0	0.0	0.0	0.0
0.07799999999999996	0.02702702702702703	0.003875968992248062	0.02702702702702703	0.02702702702702703	0.0
0.008000000000000007	0.0	0.0	0.0	0.0	0.0
0.07399999999999995	0.0	0.0	0.0	0.0	0.0
0.06000000000000005	0.0	0.0	0.0	0.0	0.13
0.014000000000000012	0.0	0.0	0.0	0.0	0.0
0.0	0.0	0.0	0.0	0.0	0.0
0.038000000000000034	0.0	0.0	0.0	0.0	0.0
0.018000000000000016	0.0	0.0	0.0	0.0	0.04
0.030000000000000027	0.0	0.0	0.0	0.0	0.07
0.006000000000000005	0.0	0.0	0.0	0.0	0.0
0.03200000000000003	0.0	0.0	0.0	0.0	0.0
0.08999999999999997	0.0	0.0	0.0	0.0	0.18
0.07199999999999995	0.0	0.0	0.0	0.0	0.0
0.03200000000000003	0.0	0.0	0.0	0.0	0.07
0.062000000000000055	0.0	0.0	0.0	0.0	0.13
0.050000000000000044	0.0	0.0	0.0	0.0	0.11
0.07199999999999995	0.045662100456621	0.004587155963302752	0.03652968036529681	0.03652968036529681	0.0
0.02200000000000002	0.0	0.0	0.0	0.0	0.05
0.17200000000000004	0.15738963531669867	0.05009633911368015	0.1381957773512476	0.1381957773512476	0.04
0.050000000000000044	0.0	0.0	0.0	0.0	0.1
0.026000000000000023	0.0	0.0	0.0	0.0	0.05
0.020000000000000018	0.0	0.0	0.0	0.0	0.04
0.062000000000000055	0.06564551422319474	0.013186813186813187	0.04814004376367615	0.04814004376367615	0.0
0.04800000000000004	0.0	0.0	0.0	0.0	0.0
0.052000000000000046	0.0	0.0	0.0	0.0	0.0
0.06799999999999995	0.015151515151515152	0.005076142131979695	0.0101010101010101	0.0101010101010101	0.0
0.07799999999999996	0.0	0.0	0.0	0.0	0.17
0.01200000000000001	0.0	0.0	0.0	0.0	0.0
0.01200000000000001	0.0	0.0	0.0	0.0	0.0
0.026000000000000023	0.0	0.0	0.0	0.0	0.0
0.02400000000000002	0.0	0.0	0.0	0.0	0.08
0.07199999999999995	0.11416490486257928	0.025477707006369428	0.09725158562367867	0.09725158562367867	0.01
0.040000000000000036	0.01474201474201474	0.0	0.01474201474201474	0.01474201474201474	0.0
0.07199999999999995	0.0	0.0	0.0	0.0	0.14
0.03200000000000003	0.0	0.0	0.0	0.0	0.08
0.07799999999999996	0.0	0.0	0.0	0.0	0.0
0.06000000000000005	0.0	0.0	0.0	0.0	0.15
0.04600000000000004	0.013888888888888888	0.0046511627906976735	0.013888888888888888	0.013888888888888888	0.01
0.06799999999999995	0.0	0.0	0.0	0.0	0.13
0.030000000000000027	0.0	0.0	0.0	0.0	0.07
0.03200000000000003	0.022172949002217297	0.004454342984409799	0.022172949002217297	0.022172949002217297	0.0
0.06599999999999995	0.0	0.0	0.0	0.0	0.13
0.05800000000000005	0.0	0.0	0.0	0.0	0.0
0.052000000000000046	0.0	0.0	0.0	0.0	0.03
0.03600000000000003	0.030837004405286344	0.0	0.030837004405286344	0.030837004405286344	0.0
0.01200000000000001	0.03982300884955753	0.022222222222222223	0.03539823008849558	0.03539823008849558	0.0
0.01200000000000001	0.0	0.0	0.0	0.0	0.03
0.03400000000000003	0.0	0.0	0.0	0.0	0.07
0.050000000000000044	0.0	0.0	0.0	0.0	0.12
0.01200000000000001	0.0	0.0	0.0	0.0	0.02
0.06399999999999995	0.0	0.0	0.0	0.0	0.0
0.06399999999999995	0.0	0.0	0.0	0.0	0.0
0.026000000000000023	0.0	0.0	0.0	0.0	0.06
0.040000000000000036	0.05777777777777778	0.004464285714285714	0.044444444444444446	0.044444444444444446	0.0
0.08999999999999997	0.0	0.0	0.0	0.0	0.0
0.06399999999999995	0.0	0.0	0.0	0.0	0.0
0.08599999999999997	0.0	0.0	0.0	0.0	0.17
0.006000000000000005	0.0	0.0	0.0	0.0	0.0
0.038000000000000034	0.0	0.0	0.0	0.0	0.08
0.04200000000000004	0.0	0.0	0.0	0.0	0.09
0.028000000000000025	0.0	0.0	0.0	0.0	0.08
0.03600000000000003	0.00980392156862745	0.0	0.00980392156862745	0.00980392156862745	0.0
0.030000000000000027	0.0	0.0	0.0	0.0	0.0
0.11199999999999999	0.0	0.0	0.0	0.0	0.24
0.04800000000000004	0.0	0.0	0.0	0.0	0.11
0.008000000000000007	0.0	0.0	0.0	0.0	0.02
0.030000000000000027	0.0	0.0	0.0	0.0	0.01
0.014000000000000012	0.0	0.0	0.0	0.0	0.0
0.10399999999999998	0.11860940695296522	0.008213552361396304	0.09815950920245399	0.09815950920245399	0.0
0.07799999999999996	0.0	0.0	0.0	0.0	0.0
0.028000000000000025	0.004149377593360996	0.0	0.004149377593360996	0.004149377593360996	0.0
0.06000000000000005	0.051649928263988516	0.008633093525179856	0.04878048780487805	0.04878048780487805	0.0
0.03400000000000003	0.026726057906458794	0.0044742729306487695	0.017817371937639197	0.017817371937639197	0.0
0.028000000000000025	0.0	0.0	0.0	0.0	0.0
0.01200000000000001	0.0	0.0	0.0	0.0	0.0
0.04200000000000004	0.0	0.0	0.0	0.0	0.09
0.0	0.0	0.0	0.0	0.0	0.0
0.09399999999999997	0.06620209059233449	0.003496503496503496	0.05923344947735191	0.05923344947735191	0.01
0.02400000000000002	0.0	0.0	0.0	0.0	0.05
0.04400000000000004	0.0	0.0	0.0	0.0	0.0
0.038000000000000034	0.0	0.0	0.0	0.0	0.09
0.052000000000000046	0.0	0.0	0.0	0.0	0.0
0.04600000000000004	0.0	0.0	0.0	0.0	0.0
0.06799999999999995	0.14056224899598393	0.028225806451612902	0.09236947791164657	0.09236947791164657	0.0
0.15600000000000003	0.10902255639097745	0.018867924528301886	0.10526315789473685	0.10526315789473685	0.04
0.05600000000000005	0.024875621890547265	0.005	0.014925373134328358	0.014925373134328358	0.0
0.06999999999999995	0.003527336860670194	0.0	0.003527336860670194	0.003527336860670194	0.0
0.03200000000000003	0.005128205128205127	0.0	0.005128205128205127	0.005128205128205127	0.0
0.14	0.06306306306306306	0.00904977375565611	0.06306306306306306	0.06306306306306306	0.02
0.08799999999999997	0.08576998050682261	0.00391389432485323	0.07407407407407407	0.07407407407407407	0.01
0.040000000000000036	0.0	0.0	0.0	0.0	0.09
0.03400000000000003	0.05034324942791762	0.02298850574712644	0.05034324942791762	0.05034324942791762	0.0
0.06799999999999995	0.0	0.0	0.0	0.0	0.17
0.02400000000000002	0.004830917874396135	0.0	0.004830917874396135	0.004830917874396135	0.0
0.0	0.0	0.0	0.0	0.0	0.0
0.026000000000000023	0.009569377990430622	0.004807692307692308	0.009569377990430622	0.009569377990430622	0.0
0.06599999999999995	0.0	0.0	0.0	0.0	0.0
0.050000000000000044	0.0	0.0	0.0	0.0	0.0
0.052000000000000046	0.0	0.0	0.0	0.0	0.0
0.03400000000000003	0.0	0.0	0.0	0.0	0.0
0.06599999999999995	0.0	0.0	0.0	0.0	0.12
0.052000000000000046	0.0	0.0	0.0	0.0	0.0
0.10799999999999998	0.16513761467889906	0.009216589861751154	0.10550458715596331	0.10550458715596331	0.0
0.04400000000000004	0.0	0.0	0.0	0.0	0.0
0.030000000000000027	0.0	0.0	0.0	0.0	0.0
0.08999999999999997	0.0	0.0	0.0	0.0	0.0
0.0	0.0	0.0	0.0	0.0	0.0
0.006000000000000005	0.0	0.0	0.0	0.0	0.01
0.030000000000000027	0.0	0.0	0.0	0.0	0.0
0.02400000000000002	0.0	0.0	0.0	0.0	0.05
0.06000000000000005	0.0	0.0	0.0	0.0	0.0
0.09399999999999997	0.10263522884882108	0.013908205841446454	0.09708737864077671	0.09708737864077671	0.01
0.0	0.0	0.0	0.0	0.0	0.0
0.062000000000000055	0.01096892138939671	0.0	0.01096892138939671	0.01096892138939671	0.0
0.02200000000000002	0.0	0.0	0.0	0.0	0.0
0.138	0.1935483870967742	0.025179856115107917	0.0967741935483871	0.0967741935483871	0.04
0.010000000000000009	0.0	0.0	0.0	0.0	0.02
0.04600000000000004	0.09075043630017451	0.010507880910683012	0.06631762652705062	0.06631762652705062	0.0
0.11399999999999999	0.08450704225352113	0.012121212121212121	0.07243460764587525	0.07243460764587525	0.01
0.07199999999999995	0.0	0.0	0.0	0.0	0.0
0.09799999999999998	0.06627680311890839	0.00391389432485323	0.05847953216374269	0.05847953216374269	0.01
0.020000000000000018	0.0	0.0	0.0	0.0	0.05
0.08599999999999997	0.0	0.0	0.0	0.0	0.17
0.016000000000000014	0.009216589861751152	0.0	0.009216589861751152	0.009216589861751152	0.0
0.06000000000000005	0.0	0.0	0.0	0.0	0.11
0.06399999999999995	0.0	0.0	0.0	0.0	0.0
0.038000000000000034	0.0	0.0	0.0	0.0	0.08
0.04600000000000004	0.0	0.0	0.0	0.0	0.1
0.026000000000000023	0.0	0.0	0.0	0.0	0.0
0.04400000000000004	0.0	0.0	0.0	0.0	0.0
0.0	0.0	0.0	0.0	0.0	0.0
0.04600000000000004	0.0	0.0	0.0	0.0	0.11
0.008000000000000007	0.0	0.0	0.0	0.0	0.03
0.062000000000000055	0.0	0.0	0.0	0.0	0.13
0.038000000000000034	0.0	0.0	0.0	0.0	0.0
0.14800000000000002	0.14173228346456693	0.02371541501976284	0.12204724409448818	0.12204724409448818	0.03
0.11399999999999999	0.0375	0.0041841004184100415	0.0375	0.0375	0.01
0.10199999999999998	0.0	0.0	0.0	0.0	0.0
0.04800000000000004	0.028169014084507043	0.014150943396226415	0.018779342723004695	0.018779342723004695	0.0
0.07199999999999995	0.0	0.0	0.0	0.0	0.0
0.010000000000000009	0.0	0.0	0.0	0.0	0.04
0.04400000000000004	0.0	0.0	0.0	0.0	0.0
0.09399999999999997	0.0	0.0	0.0	0.0	0.18
0.026000000000000023	0.0	0.0	0.0	0.0	0.06
0.010000000000000009	0.0	0.0	0.0	0.0	0.0
0.05400000000000005	0.0	0.0	0.0	0.0	0.12
0.04800000000000004	0.0	0.0	0.0	0.0	0.0
0.016000000000000014	0.012658227848101266	0.0	0.012658227848101266	0.012658227848101266	0.0
0.050000000000000044	0.0	0.0	0.0	0.0	0.0
0.040000000000000036	0.0	0.0	0.0	0.0	0.08
0.07399999999999995	0.0	0.0	0.0	0.0	0.0
0.028000000000000025	0.013215859030837006	0.0	0.008810572687224669	0.008810572687224669	0.0
0.030000000000000027	0.0	0.0	0.0	0.0	0.07
0.03200000000000003	0.0	0.0	0.0	0.0	0.07
0.018000000000000016	0.0	0.0	0.0	0.0	0.0
0.040000000000000036	0.0	0.0	0.0	0.0	0.08
0.05400000000000005	0.0	0.0	0.0	0.0	0.0
0.014000000000000012	0.0	0.0	0.0	0.0	0.0
0.038000000000000034	0.0	0.0	0.0	0.0	0.09
0.05600000000000005	0.0	0.0	0.0	0.0	0.0
0.04400000000000004	0.0	0.0	0.0	0.0	0.0
0.062000000000000055	0.0	0.0	0.0	0.0	0.13
0.04400000000000004	0.0	0.0	0.0	0.0	0.1
0.02200000000000002	0.0	0.0	0.0	0.0	0.0
0.03400000000000003	0.0	0.0	0.0	0.0	0.0
0.038000000000000034	0.0	0.0	0.0	0.0	0.0
0.02400000000000002	0.0	0.0	0.0	0.0	0.06
0.03400000000000003	0.0	0.0	0.0	0.0	0.0
0.026000000000000023	0.0	0.0	0.0	0.0	0.05
0.04200000000000004	0.009523809523809523	0.0	0.009523809523809523	0.009523809523809523	0.0
0.06999999999999995	0.0	0.0	0.0	0.0	0.0
0.14200000000000002	0.10420841683366734	0.012072434607645878	0.07615230460921843	0.07615230460921843	0.01
0.05600000000000005	0.0	0.0	0.0	0.0	0.13
0.06599999999999995	0.0130718954248366	0.0	0.00980392156862745	0.00980392156862745	0.0
0.03200000000000003	0.0	0.0	0.0	0.0	0.07
0.03200000000000003	0.0	0.0	0.0	0.0	0.07
